slot,slot_start_utc,slot_end_utc,file,seed
124197,2026-09-03T12:00:00+00:00,2026-09-03T16:00:00+00:00,post_slot_124197.md,209612215
124198,2026-09-03T16:00:00+00:00,2026-09-03T20:00:00+00:00,post_slot_124198.md,1696908636
124199,2026-09-03T20:00:00+00:00,2026-09-04T00:00:00+00:00,post_slot_124199.md,2557108178
124200,2026-09-04T00:00:00+00:00,2026-09-04T04:00:00+00:00,post_slot_124200.md,4102890366
124201,2026-09-04T04:00:00+00:00,2026-09-04T08:00:00+00:00,post_slot_124201.md,4012016194
124202,2026-09-04T08:00:00+00:00,2026-09-04T12:00:00+00:00,post_slot_124202.md,3544929705
124203,2026-09-04T12:00:00+00:00,2026-09-04T16:00:00+00:00,post_slot_124203.md,4072000303
124204,2026-09-04T16:00:00+00:00,2026-09-04T20:00:00+00:00,post_slot_124204.md,1275028713
124205,2026-09-04T20:00:00+00:00,2026-09-05T00:00:00+00:00,post_slot_124205.md,2793518318
124206,2026-09-05T00:00:00+00:00,2026-09-05T04:00:00+00:00,post_slot_124206.md,1231315044
124207,2026-09-05T04:00:00+00:00,2026-09-05T08:00:00+00:00,post_slot_124207.md,1132493413
124208,2026-09-05T08:00:00+00:00,2026-09-05T12:00:00+00:00,post_slot_124208.md,143323026
124209,2026-09-05T12:00:00+00:00,2026-09-05T16:00:00+00:00,post_slot_124209.md,1863244637
124210,2026-09-05T16:00:00+00:00,2026-09-05T20:00:00+00:00,post_slot_124210.md,3307855893
124211,2026-09-05T20:00:00+00:00,2026-09-06T00:00:00+00:00,post_slot_124211.md,3743706167
124212,2026-09-06T00:00:00+00:00,2026-09-06T04:00:00+00:00,post_slot_124212.md,1067876512
124213,2026-09-06T04:00:00+00:00,2026-09-06T08:00:00+00:00,post_slot_124213.md,955631705
124214,2026-09-06T08:00:00+00:00,2026-09-06T12:00:00+00:00,post_slot_124214.md,278861204
124215,2026-09-06T12:00:00+00:00,2026-09-06T16:00:00+00:00,post_slot_124215.md,4058609411
124216,2026-09-06T16:00:00+00:00,2026-09-06T20:00:00+00:00,post_slot_124216.md,718464317
124217,2026-09-06T20:00:00+00:00,2026-09-07T00:00:00+00:00,post_slot_124217.md,2463977515
124218,2026-09-07T00:00:00+00:00,2026-09-07T04:00:00+00:00,post_slot_124218.md,307898088
124219,2026-09-07T04:00:00+00:00,2026-09-07T08:00:00+00:00,post_slot_124219.md,1205839275
124220,2026-09-07T08:00:00+00:00,2026-09-07T12:00:00+00:00,post_slot_124220.md,3327441443
124221,2026-09-07T12:00:00+00:00,2026-09-07T16:00:00+00:00,post_slot_124221.md,1758360481
124222,2026-09-07T16:00:00+00:00,2026-09-07T20:00:00+00:00,post_slot_124222.md,832513447
124223,2026-09-07T20:00:00+00:00,2026-09-08T00:00:00+00:00,post_slot_124223.md,3740497645
124224,2026-09-08T00:00:00+00:00,2026-09-08T04:00:00+00:00,post_slot_124224.md,3017591405
124225,2026-09-08T04:00:00+00:00,2026-09-08T08:00:00+00:00,post_slot_124225.md,943965294
124226,2026-09-08T08:00:00+00:00,2026-09-08T12:00:00+00:00,post_slot_124226.md,1029496910
124227,2026-09-08T12:00:00+00:00,2026-09-08T16:00:00+00:00,post_slot_124227.md,1482212486
124228,2026-09-08T16:00:00+00:00,2026-09-08T20:00:00+00:00,post_slot_124228.md,2985616929
124229,2026-09-08T20:00:00+00:00,2026-09-09T00:00:00+00:00,post_slot_124229.md,81716563
124230,2026-09-09T00:00:00+00:00,2026-09-09T04:00:00+00:00,post_slot_124230.md,3535117661
124231,2026-09-09T04:00:00+00:00,2026-09-09T08:00:00+00:00,post_slot_124231.md,4274894655
124232,2026-09-09T08:00:00+00:00,2026-09-09T12:00:00+00:00,post_slot_124232.md,3650871432
124233,2026-09-09T12:00:00+00:00,2026-09-09T16:00:00+00:00,post_slot_124233.md,1944188406
124234,2026-09-09T16:00:00+00:00,2026-09-09T20:00:00+00:00,post_slot_124234.md,1683228800
124235,2026-09-09T20:00:00+00:00,2026-09-10T00:00:00+00:00,post_slot_124235.md,4050936039
124236,2026-09-10T00:00:00+00:00,2026-09-10T04:00:00+00:00,post_slot_124236.md,2482453159
124237,2026-09-10T04:00:00+00:00,2026-09-10T08:00:00+00:00,post_slot_124237.md,341516572
124238,2026-09-10T08:00:00+00:00,2026-09-10T12:00:00+00:00,post_slot_124238.md,1955983092
124239,2026-09-10T12:00:00+00:00,2026-09-10T16:00:00+00:00,post_slot_124239.md,1220848
124240,2026-09-10T16:00:00+00:00,2026-09-10T20:00:00+00:00,post_slot_124240.md,3811697119
124241,2026-09-10T20:00:00+00:00,2026-09-11T00:00:00+00:00,post_slot_124241.md,1723186286
124242,2026-09-11T00:00:00+00:00,2026-09-11T04:00:00+00:00,post_slot_124242.md,1822993524
124243,2026-09-11T04:00:00+00:00,2026-09-11T08:00:00+00:00,post_slot_124243.md,3482057613
124244,2026-09-11T08:00:00+00:00,2026-09-11T12:00:00+00:00,post_slot_124244.md,3721969102
124245,2026-09-11T12:00:00+00:00,2026-09-11T16:00:00+00:00,post_slot_124245.md,2133400595
124246,2026-09-11T16:00:00+00:00,2026-09-11T20:00:00+00:00,post_slot_124246.md,2714718006
124247,2026-09-11T20:00:00+00:00,2026-09-12T00:00:00+00:00,post_slot_124247.md,1377677308
124248,2026-09-12T00:00:00+00:00,2026-09-12T04:00:00+00:00,post_slot_124248.md,8966590
124249,2026-09-12T04:00:00+00:00,2026-09-12T08:00:00+00:00,post_slot_124249.md,3588817543
124250,2026-09-12T08:00:00+00:00,2026-09-12T12:00:00+00:00,post_slot_124250.md,4070383258
124251,2026-09-12T12:00:00+00:00,2026-09-12T16:00:00+00:00,post_slot_124251.md,3501349315
124252,2026-09-12T16:00:00+00:00,2026-09-12T20:00:00+00:00,post_slot_124252.md,1610664895
124253,2026-09-12T20:00:00+00:00,2026-09-13T00:00:00+00:00,post_slot_124253.md,3311906530
124254,2026-09-13T00:00:00+00:00,2026-09-13T04:00:00+00:00,post_slot_124254.md,624035935
124256,2026-09-13T08:00:00+00:00,2026-09-13T12:00:00+00:00,post_slot_124256.md,2772264026
124257,2026-09-13T12:00:00+00:00,2026-09-13T16:00:00+00:00,post_slot_124257.md,4021592940
124258,2026-09-13T16:00:00+00:00,2026-09-13T20:00:00+00:00,post_slot_124258.md,3096346366
124259,2026-09-13T20:00:00+00:00,2026-09-14T00:00:00+00:00,post_slot_124259.md,3159328650
124260,2026-09-14T00:00:00+00:00,2026-09-14T04:00:00+00:00,post_slot_124260.md,1763396986
124261,2026-09-14T04:00:00+00:00,2026-09-14T08:00:00+00:00,post_slot_124261.md,863371337
124262,2026-09-14T08:00:00+00:00,2026-09-14T12:00:00+00:00,post_slot_124262.md,2122324878
124263,2026-09-14T12:00:00+00:00,2026-09-14T16:00:00+00:00,post_slot_124263.md,2224801794
124264,2026-09-14T16:00:00+00:00,2026-09-14T20:00:00+00:00,post_slot_124264.md,2323441386
124265,2026-09-14T20:00:00+00:00,2026-09-15T00:00:00+00:00,post_slot_124265.md,2875297011
124266,2026-09-15T00:00:00+00:00,2026-09-15T04:00:00+00:00,post_slot_124266.md,2852765162
124267,2026-09-15T04:00:00+00:00,2026-09-15T08:00:00+00:00,post_slot_124267.md,3682401416
124268,2026-09-15T08:00:00+00:00,2026-09-15T12:00:00+00:00,post_slot_124268.md,3179457991
124269,2026-09-15T12:00:00+00:00,2026-09-15T16:00:00+00:00,post_slot_124269.md,704741648
124270,2026-09-15T16:00:00+00:00,2026-09-15T20:00:00+00:00,post_slot_124270.md,2727649243
124271,2026-09-15T20:00:00+00:00,2026-09-16T00:00:00+00:00,post_slot_124271.md,3253528803
124272,2026-09-16T00:00:00+00:00,2026-09-16T04:00:00+00:00,post_slot_124272.md,3124284098
124273,2026-09-16T04:00:00+00:00,2026-09-16T08:00:00+00:00,post_slot_124273.md,3274455980
124274,2026-09-16T08:00:00+00:00,2026-09-16T12:00:00+00:00,post_slot_124274.md,3614021298
124275,2026-09-16T12:00:00+00:00,2026-09-16T16:00:00+00:00,post_slot_124275.md,3047816642
124276,2026-09-16T16:00:00+00:00,2026-09-16T20:00:00+00:00,post_slot_124276.md,2919436913
124277,2026-09-16T20:00:00+00:00,2026-09-17T00:00:00+00:00,post_slot_124277.md,911724130
124278,2026-09-17T00:00:00+00:00,2026-09-17T04:00:00+00:00,post_slot_124278.md,3877653176
124279,2026-09-17T04:00:00+00:00,2026-09-17T08:00:00+00:00,post_slot_124279.md,964630356
124280,2026-09-17T08:00:00+00:00,2026-09-17T12:00:00+00:00,post_slot_124280.md,2769050572
124281,2026-09-17T12:00:00+00:00,2026-09-17T16:00:00+00:00,post_slot_124281.md,905441147
124282,2026-09-17T16:00:00+00:00,2026-09-17T20:00:00+00:00,post_slot_124282.md,1330544375
124283,2026-09-17T20:00:00+00:00,2026-09-18T00:00:00+00:00,post_slot_124283.md,826922860
124284,2026-09-18T00:00:00+00:00,2026-09-18T04:00:00+00:00,post_slot_124284.md,1910480839
124285,2026-09-18T04:00:00+00:00,2026-09-18T08:00:00+00:00,post_slot_124285.md,2498325421
124286,2026-09-18T08:00:00+00:00,2026-09-18T12:00:00+00:00,post_slot_124286.md,2105223154
124288,2026-09-18T16:00:00+00:00,2026-09-18T20:00:00+00:00,post_slot_124288.md,1309812299
124289,2026-09-18T20:00:00+00:00,2026-09-19T00:00:00+00:00,post_slot_124289.md,1435362263
124290,2026-09-19T00:00:00+00:00,2026-09-19T04:00:00+00:00,post_slot_124290.md,2367278608
124291,2026-09-19T04:00:00+00:00,2026-09-19T08:00:00+00:00,post_slot_124291.md,837152402
124292,2026-09-19T08:00:00+00:00,2026-09-19T12:00:00+00:00,post_slot_124292.md,627541406
124293,2026-09-19T12:00:00+00:00,2026-09-19T16:00:00+00:00,post_slot_124293.md,2767964009
124294,2026-09-19T16:00:00+00:00,2026-09-19T20:00:00+00:00,post_slot_124294.md,177988959
124295,2026-09-19T20:00:00+00:00,2026-09-20T00:00:00+00:00,post_slot_124295.md,565977333
124296,2026-09-20T00:00:00+00:00,2026-09-20T04:00:00+00:00,post_slot_124296.md,215533160
124297,2026-09-20T04:00:00+00:00,2026-09-20T08:00:00+00:00,post_slot_124297.md,4108702333
124298,2026-09-20T08:00:00+00:00,2026-09-20T12:00:00+00:00,post_slot_124298.md,914681029
124299,2026-09-20T12:00:00+00:00,2026-09-20T16:00:00+00:00,post_slot_124299.md,389072897
124300,2026-09-20T16:00:00+00:00,2026-09-20T20:00:00+00:00,post_slot_124300.md,1345789879
124301,2026-09-20T20:00:00+00:00,2026-09-21T00:00:00+00:00,post_slot_124301.md,3658664074
124302,2026-09-21T00:00:00+00:00,2026-09-21T04:00:00+00:00,post_slot_124302.md,4082133726
124303,2026-09-21T04:00:00+00:00,2026-09-21T08:00:00+00:00,post_slot_124303.md,3625257754
124304,2026-09-21T08:00:00+00:00,2026-09-21T12:00:00+00:00,post_slot_124304.md,4242131887
124306,2026-09-21T16:00:00+00:00,2026-09-21T20:00:00+00:00,post_slot_124306.md,2209653381
124307,2026-09-21T20:00:00+00:00,2026-09-22T00:00:00+00:00,post_slot_124307.md,3837998845
124308,2026-09-22T00:00:00+00:00,2026-09-22T04:00:00+00:00,post_slot_124308.md,1444096641
124309,2026-09-22T04:00:00+00:00,2026-09-22T08:00:00+00:00,post_slot_124309.md,4041405747
124310,2026-09-22T08:00:00+00:00,2026-09-22T12:00:00+00:00,post_slot_124310.md,106981644
124311,2026-09-22T12:00:00+00:00,2026-09-22T16:00:00+00:00,post_slot_124311.md,1715456296
124312,2026-09-22T16:00:00+00:00,2026-09-22T20:00:00+00:00,post_slot_124312.md,1111517235
124313,2026-09-22T20:00:00+00:00,2026-09-23T00:00:00+00:00,post_slot_124313.md,957515062
124314,2026-09-23T00:00:00+00:00,2026-09-23T04:00:00+00:00,post_slot_124314.md,4082118920
124315,2026-09-23T04:00:00+00:00,2026-09-23T08:00:00+00:00,post_slot_124315.md,2620569378
124316,2026-09-23T08:00:00+00:00,2026-09-23T12:00:00+00:00,post_slot_124316.md,578360423
124317,2026-09-23T12:00:00+00:00,2026-09-23T16:00:00+00:00,post_slot_124317.md,2040315755
124318,2026-09-23T16:00:00+00:00,2026-09-23T20:00:00+00:00,post_slot_124318.md,4193348426
124320,2026-09-24T00:00:00+00:00,2026-09-24T04:00:00+00:00,post_slot_124320.md,496510670
124321,2026-09-24T04:00:00+00:00,2026-09-24T08:00:00+00:00,post_slot_124321.md,941541921
124322,2026-09-24T08:00:00+00:00,2026-09-24T12:00:00+00:00,post_slot_124322.md,3018048534
124323,2026-09-24T12:00:00+00:00,2026-09-24T16:00:00+00:00,post_slot_124323.md,3083474601
124324,2026-09-24T16:00:00+00:00,2026-09-24T20:00:00+00:00,post_slot_124324.md,3684408970
124325,2026-09-24T20:00:00+00:00,2026-09-25T00:00:00+00:00,post_slot_124325.md,925226145
124326,2026-09-25T00:00:00+00:00,2026-09-25T04:00:00+00:00,post_slot_124326.md,1447103971
124327,2026-09-25T04:00:00+00:00,2026-09-25T08:00:00+00:00,post_slot_124327.md,2952173446
124328,2026-09-25T08:00:00+00:00,2026-09-25T12:00:00+00:00,post_slot_124328.md,2004171033
124329,2026-09-25T12:00:00+00:00,2026-09-25T16:00:00+00:00,post_slot_124329.md,3439177524
124330,2026-09-25T16:00:00+00:00,2026-09-25T20:00:00+00:00,post_slot_124330.md,876099621
124331,2026-09-25T20:00:00+00:00,2026-09-26T00:00:00+00:00,post_slot_124331.md,2764241442
124332,2026-09-26T00:00:00+00:00,2026-09-26T04:00:00+00:00,post_slot_124332.md,468315332
124333,2026-09-26T04:00:00+00:00,2026-09-26T08:00:00+00:00,post_slot_124333.md,3742679563
124334,2026-09-26T08:00:00+00:00,2026-09-26T12:00:00+00:00,post_slot_124334.md,2801220907
124335,2026-09-26T12:00:00+00:00,2026-09-26T16:00:00+00:00,post_slot_124335.md,2221168094
124336,2026-09-26T16:00:00+00:00,2026-09-26T20:00:00+00:00,post_slot_124336.md,1857784279
124337,2026-09-26T20:00:00+00:00,2026-09-27T00:00:00+00:00,post_slot_124337.md,991654260
124338,2026-09-27T00:00:00+00:00,2026-09-27T04:00:00+00:00,post_slot_124338.md,807260447
124339,2026-09-27T04:00:00+00:00,2026-09-27T08:00:00+00:00,post_slot_124339.md,935272994
124340,2026-09-27T08:00:00+00:00,2026-09-27T12:00:00+00:00,post_slot_124340.md,4030690325
124341,2026-09-27T12:00:00+00:00,2026-09-27T16:00:00+00:00,post_slot_124341.md,1345238932
124342,2026-09-27T16:00:00+00:00,2026-09-27T20:00:00+00:00,post_slot_124342.md,3708238222
124343,2026-09-27T20:00:00+00:00,2026-09-28T00:00:00+00:00,post_slot_124343.md,411377405
124344,2026-09-28T00:00:00+00:00,2026-09-28T04:00:00+00:00,post_slot_124344.md,2802752408
124345,2026-09-28T04:00:00+00:00,2026-09-28T08:00:00+00:00,post_slot_124345.md,1200568861
124346,2026-09-28T08:00:00+00:00,2026-09-28T12:00:00+00:00,post_slot_124346.md,2280645045
124347,2026-09-28T12:00:00+00:00,2026-09-28T16:00:00+00:00,post_slot_124347.md,1090974720
124348,2026-09-28T16:00:00+00:00,2026-09-28T20:00:00+00:00,post_slot_124348.md,2178586151
124349,2026-09-28T20:00:00+00:00,2026-09-29T00:00:00+00:00,post_slot_124349.md,1035970935
124350,2026-09-29T00:00:00+00:00,2026-09-29T04:00:00+00:00,post_slot_124350.md,2454688470
124351,2026-09-29T04:00:00+00:00,2026-09-29T08:00:00+00:00,post_slot_124351.md,2557220838
124352,2026-09-29T08:00:00+00:00,2026-09-29T12:00:00+00:00,post_slot_124352.md,3518016881
124353,2026-09-29T12:00:00+00:00,2026-09-29T16:00:00+00:00,post_slot_124353.md,3811709560
124354,2026-09-29T16:00:00+00:00,2026-09-29T20:00:00+00:00,post_slot_124354.md,1781786887
124355,2026-09-29T20:00:00+00:00,2026-09-30T00:00:00+00:00,post_slot_124355.md,2657995407
124356,2026-09-30T00:00:00+00:00,2026-09-30T04:00:00+00:00,post_slot_124356.md,3251153357
124357,2026-09-30T04:00:00+00:00,2026-09-30T08:00:00+00:00,post_slot_124357.md,2084645275
124358,2026-09-30T08:00:00+00:00,2026-09-30T12:00:00+00:00,post_slot_124358.md,1157663893
124359,2026-09-30T12:00:00+00:00,2026-09-30T16:00:00+00:00,post_slot_124359.md,1736272754
124360,2026-09-30T16:00:00+00:00,2026-09-30T20:00:00+00:00,post_slot_124360.md,3345756541
124361,2026-09-30T20:00:00+00:00,2026-10-01T00:00:00+00:00,post_slot_124361.md,2072586978
124362,2026-10-01T00:00:00+00:00,2026-10-01T04:00:00+00:00,post_slot_124362.md,2826495232
124363,2026-10-01T04:00:00+00:00,2026-10-01T08:00:00+00:00,post_slot_124363.md,111227367
124364,2026-10-01T08:00:00+00:00,2026-10-01T12:00:00+00:00,post_slot_124364.md,2421403190
124365,2026-10-01T12:00:00+00:00,2026-10-01T16:00:00+00:00,post_slot_124365.md,1228141591
124366,2026-10-01T16:00:00+00:00,2026-10-01T20:00:00+00:00,post_slot_124366.md,4080622911
124367,2026-10-01T20:00:00+00:00,2026-10-02T00:00:00+00:00,post_slot_124367.md,1598120913
124368,2026-10-02T00:00:00+00:00,2026-10-02T04:00:00+00:00,post_slot_124368.md,3524838320
124369,2026-10-02T04:00:00+00:00,2026-10-02T08:00:00+00:00,post_slot_124369.md,926107976
124370,2026-10-02T08:00:00+00:00,2026-10-02T12:00:00+00:00,post_slot_124370.md,588236146
124371,2026-10-02T12:00:00+00:00,2026-10-02T16:00:00+00:00,post_slot_124371.md,1102376358
124372,2026-10-02T16:00:00+00:00,2026-10-02T20:00:00+00:00,post_slot_124372.md,200332120
124373,2026-10-02T20:00:00+00:00,2026-10-03T00:00:00+00:00,post_slot_124373.md,3060673250
124374,2026-10-03T00:00:00+00:00,2026-10-03T04:00:00+00:00,post_slot_124374.md,2238423498
124375,2026-10-03T04:00:00+00:00,2026-10-03T08:00:00+00:00,post_slot_124375.md,2827188997
124376,2026-10-03T08:00:00+00:00,2026-10-03T12:00:00+00:00,post_slot_124376.md,1843435432
124377,2026-10-03T12:00:00+00:00,2026-10-03T16:00:00+00:00,post_slot_124377.md,139970681
124378,2026-10-03T16:00:00+00:00,2026-10-03T20:00:00+00:00,post_slot_124378.md,4050048535
124379,2026-10-03T20:00:00+00:00,2026-10-04T00:00:00+00:00,post_slot_124379.md,3132763868
124381,2026-10-04T04:00:00+00:00,2026-10-04T08:00:00+00:00,post_slot_124381.md,1085134242
124383,2026-10-04T12:00:00+00:00,2026-10-04T16:00:00+00:00,post_slot_124383.md,3369282257
124384,2026-10-04T16:00:00+00:00,2026-10-04T20:00:00+00:00,post_slot_124384.md,2040168511
124385,2026-10-04T20:00:00+00:00,2026-10-05T00:00:00+00:00,post_slot_124385.md,3747886306
124387,2026-10-05T04:00:00+00:00,2026-10-05T08:00:00+00:00,post_slot_124387.md,2974612106
124390,2026-10-05T16:00:00+00:00,2026-10-05T20:00:00+00:00,post_slot_124390.md,3880280059
124392,2026-10-06T00:00:00+00:00,2026-10-06T04:00:00+00:00,post_slot_124392.md,1830654429
124394,2026-10-06T08:00:00+00:00,2026-10-06T12:00:00+00:00,post_slot_124394.md,1626379189
124396,2026-10-06T16:00:00+00:00,2026-10-06T20:00:00+00:00,post_slot_124396.md,3754444864
124397,2026-10-06T20:00:00+00:00,2026-10-07T00:00:00+00:00,post_slot_124397.md,1287488800
