tag,published_utc,setup_downloads,portable_downloads
v0.391.0,2026-10-08T12:55:41Z,6,0
v0.390.0,2026-10-07T03:29:33Z,2,1
v0.389.0,2026-10-07T03:16:25Z,0,0
v0.388.0,2026-10-07T03:00:31Z,0,0
v0.387.0,2026-10-07T02:45:15Z,0,0
v0.386.0,2026-10-06T10:41:37Z,0,0
v0.385.0,2026-10-06T09:08:32Z,0,0
v0.384.0,2026-10-06T08:49:41Z,0,0
v0.383.0,2026-10-06T08:11:25Z,0,0
v0.382.0,2026-10-06T08:01:58Z,0,0
v0.381.0,2026-10-06T07:53:51Z,0,0
v0.380.0,2026-10-06T07:45:58Z,0,0
v0.379.0,2026-10-06T07:38:18Z,0,0
v0.378.0,2026-10-06T07:30:26Z,0,0
v0.377.0,2026-10-06T07:20:53Z,0,0
v0.376.0,2026-10-02T06:32:55Z,10,0
v0.375.0,2026-10-02T06:25:55Z,0,0
v0.374.0,2026-10-01T11:42:34Z,0,0
v0.372.0,2026-10-01T09:58:48Z,0,0
v0.371.0,2026-10-01T08:36:06Z,0,0
v0.370.0,2026-10-01T06:25:16Z,0,0
v0.369.0,2026-10-01T04:28:33Z,0,1
v0.368.1,2026-10-01T03:59:47Z,0,1
v0.368.0,2026-09-28T05:55:55Z,4,0
v0.367.0,2026-09-28T03:58:43Z,2,0
v0.366.1,2026-09-28T03:36:32Z,3,0
v0.366.0,2026-09-28T03:30:13Z,0,0
v0.365.0,2026-09-28T03:20:31Z,0,0
v0.364.0,2026-09-18T09:30:31Z,15,0
v0.363.0,2026-09-18T08:49:35Z,0,0
v0.362.0,2026-09-10T05:31:59Z,16,2
v0.361.0,2026-09-08T10:44:05Z,7,0
v0.360.0,2026-09-08T09:25:35Z,0,0
v0.359.0,2026-09-08T08:28:55Z,0,0
v0.358.0,2026-09-07T16:38:46Z,4,1
v0.357.0,2026-09-07T15:03:04Z,0,0
v0.352.0,2026-09-06T16:20:58Z,6,4
v0.351.0,2026-09-06T16:03:45Z,0,0
v0.350.0,2026-09-06T15:56:07Z,0,0
v0.349.0,2026-09-06T15:09:17Z,0,0
v0.348.1,2026-09-06T14:39:20Z,0,0
v0.348.0,2026-09-06T07:45:29Z,1,1
v0.347.0,2026-09-06T03:16:11Z,2,2
v0.346.0,2026-09-06T02:55:41Z,2,2
v0.345.0,2026-09-06T02:20:42Z,1,1
v0.344.1,2026-09-05T11:19:40Z,1,0
v0.343.2,2026-09-04T16:25:43Z,2,2
v0.343.1,2026-09-04T15:17:49Z,2,2
v0.343.0,2026-09-04T15:04:08Z,0,0
v0.342.0,2026-09-04T14:24:59Z,0,0
v0.341.0,2026-09-04T13:38:55Z,1,1
v0.340.0,2026-09-04T12:37:08Z,0,0
v0.339.0,2026-09-04T11:59:34Z,1,1
v0.338.0,2026-09-04T11:35:55Z,0,0
v0.337.0,2026-09-04T11:11:40Z,0,0
v0.336.1,2026-09-04T10:44:31Z,1,1
v0.336.0,2026-09-04T06:58:15Z,1,1
v0.335.0,2026-09-04T05:35:38Z,1,1
v0.334.0,2026-09-04T04:55:08Z,1,1
v0.333.0,2026-09-04T04:30:42Z,1,1
v0.332.0,2026-09-04T04:15:20Z,1,1
v0.331.0,2026-09-04T03:50:29Z,1,1
v0.330.0,2026-09-04T02:25:46Z,0,0
v0.329.0,2026-09-03T23:55:45Z,1,1
v0.328.0,2026-09-03T23:28:59Z,0,0
v0.327.0,2026-09-03T15:33:40Z,0,0
v0.326.0,2026-09-03T14:48:40Z,0,0
v0.325.0,2026-09-03T14:23:04Z,0,0
v0.324.0,2026-09-03T14:18:28Z,0,0
v0.323.0,2026-09-03T12:04:50Z,0,0
v0.322.0,2026-09-03T11:13:21Z,0,0
v0.321.0,2026-09-03T10:28:41Z,0,0
v0.320.0,2026-09-03T09:46:21Z,1,0
v0.319.0,2026-09-03T08:50:05Z,0,0
v0.318.0,2026-09-03T06:28:49Z,0,0
v0.317.0,2026-09-03T05:58:43Z,0,0
v0.316.0,2026-09-03T05:29:14Z,0,0
v0.315.0,2026-09-03T05:20:48Z,0,0
v0.314.0,2026-09-03T04:47:32Z,0,0
v0.313.0,2026-09-03T03:47:26Z,0,0
v0.312.0,2026-09-03T03:07:05Z,0,0
v0.311.0,2026-09-03T02:02:35Z,0,0
v0.310.1,2026-09-02T14:13:26Z,0,0
v0.309.0,2026-09-02T11:55:06Z,0,0
v0.308.0,2026-09-02T09:50:35Z,0,0
v0.307.0,2026-09-02T09:38:36Z,0,0
v0.306.0,2026-09-02T08:35:10Z,0,0
v0.305.0,2026-09-02T07:15:20Z,0,0
v0.304.0,2026-09-02T06:02:03Z,0,0
v0.303.0,2026-09-02T05:55:09Z,0,0
v0.302.0,2026-09-02T05:42:01Z,0,0
v0.301.0,2026-08-31T23:53:46Z,1,0
v0.300.0,2026-08-31T23:39:16Z,0,0
v0.299.0,2026-08-31T18:39:18Z,0,0
v0.298.0,2026-08-31T18:08:48Z,0,0
v0.297.0,2026-08-31T17:35:57Z,0,0
v0.296.0,2026-08-31T17:31:44Z,0,0
v0.295.0,2026-08-31T16:21:08Z,0,0
v0.294.0,2026-08-31T15:58:35Z,0,0
v0.293.0,2026-08-31T15:45:03Z,0,0
